{"centroids": [{"weekend": [0.1554951477419442, 0.14689672096777034, 0.14084398870115322, 0.137359961690781, 0.13590377132109094, 0.13816602698037023, 0.14823862642201346, 0.17014395000273627, 0.18341803100190948, 0.18607751957720856, 0.18718092000901257, 0.18804281378686308, 0.1892694276790468, 0.1913643944954581, 0.19075038210593528, 0.1901598923060904, 0.191093510847668, 0.1927187090995367, 0.1925619219210701, 0.18735118332854125, 0.18120467221258493, 0.17697354050267916, 0.1718661639825633, 0.16484639954378813], "weekday": [0.1554951477419442, 0.14689672096777034, 0.14084398870115322, 0.137359961690781, 0.13590377132109094, 0.13816602698037023, 0.14823862642201346, 0.17014395000273627, 0.18341803100190948, 0.18607751957720856, 0.18718092000901257, 0.18804281378686308, 0.1892694276790468, 0.1913643944954581, 0.19075038210593528, 0.1901598923060904, 0.191093510847668, 0.1927187090995367, 0.1925619219210701, 0.18735118332854125, 0.18120467221258493, 0.17697354050267916, 0.1718661639825633, 0.16484639954378813]}, {"weekend": [0.28209971063125105, 0.26598647010826293, 0.2538907890790533, 0.24496481736068565, 0.23956034803882967, 0.23880521005129524, 0.24971527170363986, 0.28075614930479686, 0.3073672958985685, 0.314934702802071, 0.31758358328898384, 0.3195089924625406, 0.32170178325858784, 0.3262684185966524, 0.3252259769570131, 0.32453258514097855, 0.32633053675641044, 0.32864432455217457, 0.33049213718590803, 0.3257087738487241, 0.3208825609013337, 0.3175132230645741, 0.31189303995023676, 0.3020327080033934], "weekday": [0.28209971063125105, 0.26598647010826293, 0.2538907890790533, 0.24496481736068565, 0.23956034803882967, 0.23880521005129524, 0.24971527170363986, 0.28075614930479686, 0.3073672958985685, 0.314934702802071, 0.31758358328898384, 0.3195089924625406, 0.32170178325858784, 0.3262684185966524, 0.3252259769570131, 0.32453258514097855, 0.32633053675641044, 0.32864432455217457, 0.33049213718590803, 0.3257087738487241, 0.3208825609013337, 0.3175132230645741, 0.31189303995023676, 0.3020327080033934]}, {"weekend": [0.09914083409151421, 0.09346059550087074, 0.09047774096292044, 0.08848187012127005, 0.08844930168221385, 0.0911832391243135, 0.09935469227708024, 0.11467767294331863, 0.12259088929868646, 0.12303653031227726, 0.12269882852913686, 0.12239951753417148, 0.12331386540521777, 0.12468167411179526, 0.1247417021062639, 0.1247473291629504, 0.12561757907417598, 0.12682083456292378, 0.12644790497082617, 0.12196833867643904, 0.11697921269459885, 0.11378163371208166, 0.1102676478400078, 0.1055195459427831], "weekday": [0.09914083409151421, 0.09346059550087074, 0.09047774096292044, 0.08848187012127005, 0.08844930168221385, 0.0911832391243135, 0.09935469227708024, 0.11467767294331863, 0.12259088929868646, 0.12303653031227726, 0.12269882852913686, 0.12239951753417148, 0.12331386540521777, 0.12468167411179526, 0.1247417021062639, 0.1247473291629504, 0.12561757907417598, 0.12682083456292378, 0.12644790497082617, 0.12196833867643904, 0.11697921269459885, 0.11378163371208166, 0.1102676478400078, 0.1055195459427831]}, {"weekend": [0.2099835344406791, 0.1974767825066733, 0.18883158601370442, 0.18313711278403738, 0.1799623834616873, 0.18117579787210658, 0.19236149210479722, 0.21850641200327717, 0.23504713587679815, 0.23782649637849207, 0.23945433536545285, 0.2403203037409892, 0.2419307153173653, 0.2446088827804965, 0.24419862520767988, 0.2434405981455341, 0.2447521892570709, 0.2475902528092652, 0.24953092198026633, 0.24516041089422905, 0.2408933717055621, 0.23789279021895626, 0.2321411735969323, 0.22399861597047924], "weekday": [0.2099835344406791, 0.1974767825066733, 0.18883158601370442, 0.18313711278403738, 0.1799623834616873, 0.18117579787210658, 0.19236149210479722, 0.21850641200327717, 0.23504713587679815, 0.23782649637849207, 0.23945433536545285, 0.2403203037409892, 0.2419307153173653, 0.2446088827804965, 0.24419862520767988, 0.2434405981455341, 0.2447521892570709, 0.2475902528092652, 0.24953092198026633, 0.24516041089422905, 0.2408933717055621, 0.23789279021895626, 0.2321411735969323, 0.22399861597047924]}, {"weekend": [0.3883668978131313, 0.36563043725801725, 0.348164593978468, 0.3362915371069701, 0.3275807829345602, 0.3254625427495557, 0.3367092090803988, 0.37716620781738086, 0.42608027587555103, 0.4489342667153218, 0.45882915693382154, 0.4636532059727834, 0.4681976283233898, 0.475694228231285, 0.4721697692052019, 0.4686836371079194, 0.4674824267682173, 0.4664052285513712, 0.4634384215355908, 0.4537519033976026, 0.44492022310169327, 0.4402137128473797, 0.43450751784501507, 0.4222354974811901], "weekday": [0.3883668978131313, 0.36563043725801725, 0.348164593978468, 0.3362915371069701, 0.3275807829345602, 0.3254625427495557, 0.3367092090803988, 0.37716620781738086, 0.42608027587555103, 0.4489342667153218, 0.45882915693382154, 0.4636532059727834, 0.4681976283233898, 0.475694228231285, 0.4721697692052019, 0.4686836371079194, 0.4674824267682173, 0.4664052285513712, 0.4634384215355908, 0.4537519033976026, 0.44492022310169327, 0.4402137128473797, 0.43450751784501507, 0.4222354974811901]}]}