{"centroids": [{"weekend": [0.3464418390318009, 0.2900020157866318, 0.16466110171487167, 0.04562451200575838, -0.03424046384710368, -0.06510902389895022, -0.10244300915004576, -0.12505585875765318, -0.12354820973267923, -0.15174257405481284, -0.26948390525440774, -0.34170024045370123, -0.2851774000977575, -0.11189275004441612, -0.0016111107404101366, -0.1117228549539138, -0.22248823989389035, -0.29821228917937465, -0.21781405723192113, -0.028126883526486034, 0.21552375543965074, 0.449730226756039, 0.5113831286696349, 0.4670022914131396], "weekday": [0.8971337750992137, 0.6013706672543128, 0.32442283996960325, 0.13243650148309935, 0.003775573386043216, -0.05169306283012969, -0.05401062535078175, -0.08180701026872964, -0.4166493260593868, -0.7048150634288267, -0.8141380242883787, -0.8490857579247548, -0.8642365068164933, -0.7024111287220485, -0.5811627536794016, -0.5030705404666986, -0.45712874347880583, -0.361083811746964, -0.08581556247221835, 0.32746409510865254, 0.7666936182763241, 1.1083942469608346, 1.1947957237767597, 1.1706208762187706]}, {"weekend": [0.05625835053243577, 0.031939842906274406, -0.005902465435791789, -0.03375704455648214, -0.04868688609816917, -0.06698868000787554, -0.0796046455561205, -0.06654950404339996, -0.03078134243048481, -0.024300977072062746, -0.03795571342406228, -0.045510922750267004, -0.04690441285863089, -0.015889976206254722, -0.00497063053460108, -0.02863819437049653, -0.04134239858159615, -0.04176430828544651, -0.020108197437706164, 0.03201856498046228, 0.11404486585477065, 0.1417351511031875, 0.13994908963676458, 0.12371043463555624], "weekday": [0.052039069239919196, -0.029888431145041864, -0.09772975637617695, -0.1362087265543747, -0.16161863938717796, -0.17852858301850394, -0.14439096508830676, -0.025398399178115722, -0.019232276958696153, -0.08153277225285181, -0.09566966190444219, -0.09019293165111587, -0.06507753969964675, -0.04979991346043961, -0.04822972428684557, -0.04871326327329719, -0.01587916047047888, 0.01499721641767979, 0.10928328653408781, 0.18509488286180178, 0.2508844870297495, 0.2661266693300106, 0.24681138651333923, 0.16285374677892256]}, {"weekend": [-0.2506360508516868, -0.16427280934031094, -0.05831672925491774, 0.03175794519965802, 0.0951082400472153, 0.14272936087670834, 0.1711597298169026, 0.16044606636889167, 0.1118109524556687, 0.11253061494130524, 0.1664595541734588, 0.20818204527738998, 0.17413541205382593, 0.02925021475062378, -0.021367192370610615, 0.10338012951278198, 0.22724784735853357, 0.2704584148114929, 0.16044973401939744, -0.02515323524642139, -0.3038675214069184, -0.47002254746065364, -0.4821333406801439, -0.3893368350521869], "weekday": [-0.380553987588556, -0.14662200319596888, 0.028284736946658392, 0.14947667794045344, 0.23137027808977348, 0.26809787472415314, 0.20416606434466034, 0.07576191127782919, 0.24170381295530938, 0.41253702906823375, 0.4576909919840379, 0.47047010995871724, 0.4233685943131346, 0.3442334526440656, 0.28412206449645777, 0.26001615478527074, 0.21501822998569461, 0.08694075684993473, -0.15793017504674858, -0.4301964027208741, -0.7015370396863175, -0.8576626824953276, -0.820355392511277, -0.6584010571193184]}, {"weekend": [0.01272794473510443, 0.015081358484135644, 0.0161370789951549, 0.00790458312820861, -0.0009446265252831371, -0.008126311748396458, -0.001438164232780718, -0.0025688798671840356, -0.0004401501038541872, 0.011161675405429767, 0.012371168739828462, 0.040967099824054505, 0.03092802145343203, 0.0069505102045603505, -0.00749662503598272, -0.016209442146248875, -0.017385414534978414, -0.009174935064438262, -0.0010602757472670185, -0.010450647229158437, -0.007741569330057247, -0.021347476412872806, -0.014202554450830714, -0.035642368540572185], "weekday": [-0.2074206677812211, -0.13392562699432162, -0.07740219131730618, -0.029774956010152107, 0.0012579703788045172, 0.006512829459813193, -0.005548886418524544, -0.018919672426975013, 0.09351946306173325, 0.19767275225345446, 0.2328280736875986, 0.2479284022607549, 0.254693538460659, 0.2095835761223724, 0.16830922986812688, 0.13595732603548616, 0.11466115112805574, 0.06936431114003232, -0.014787677359244451, -0.12059423151415545, -0.23280587715663473, -0.29653210299354915, -0.31240368433030374, -0.2821730495545049]}, {"weekend": [0.13395997264821558, 0.06135047678517531, 0.00556455564530857, -0.03064416422505753, -0.059300322497455864, -0.08256590954823291, -0.10138318515473342, -0.09232229566686288, -0.07129938700591071, -0.08446888446819593, -0.10016674958997769, -0.1587052897927626, -0.11794136109407871, 0.011856270170885882, 0.0461187094425266, -0.04631609111963888, -0.1603182751831063, -0.20205060062308108, -0.11573547014794824, 0.020210195431900592, 0.21372292593143866, 0.34087493913228056, 0.3274552307303493, 0.262104710198966], "weekday": [0.3956379288993544, 0.1860973641982414, 0.05650510022226232, -0.05452370997008523, -0.12919363226429958, -0.14566566036733866, -0.08160642053179495, -0.01953925304065284, -0.2767748304676095, -0.4644905484815144, -0.5142298621571288, -0.5449551666402351, -0.5127820360113461, -0.4240436001839523, -0.3347729152174485, -0.28841759333531025, -0.255538376415693, -0.09240025743014182, 0.1388238585146473, 0.40647785091290645, 0.6834750446117248, 0.8356746973192155, 0.7949084160197912, 0.6413336018164032]}]}