{"centroids": [{"weekend": [0.11929817378922633, 0.0689876177142318, 0.045320738171732045, 0.033844480727832325, 0.03542906316895495, 0.06249183090182353, 0.14827212574126356, 0.3855267491363337, 0.6343411686672267, 0.7077871801497498, 0.7247606716240694, 0.7392898330638368, 0.7560411682816273, 0.7839294422087615, 0.763168434640493, 0.7456825609531338, 0.7467895046010445, 0.7343504040340074, 0.6683120469574466, 0.5104891457054838, 0.36256556852342287, 0.28543193769307534, 0.22636532730318626, 0.1699430253188934], "weekday": [0.11929817378922633, 0.0689876177142318, 0.045320738171732045, 0.033844480727832325, 0.03542906316895495, 0.06249183090182353, 0.14827212574126356, 0.3855267491363337, 0.6343411686672267, 0.7077871801497498, 0.7247606716240694, 0.7392898330638368, 0.7560411682816273, 0.7839294422087615, 0.763168434640493, 0.7456825609531338, 0.7467895046010445, 0.7343504040340074, 0.6683120469574466, 0.5104891457054838, 0.36256556852342287, 0.28543193769307534, 0.22636532730318626, 0.1699430253188934]}, {"weekend": [0.41565340393400285, 0.26407560097868826, 0.1648014123675136, 0.10252732716930764, 0.06835384950012033, 0.07951565896001783, 0.19172467001886415, 0.4825362711867569, 0.6154801290320266, 0.5999208113169979, 0.5944441731710783, 0.5927345942064397, 0.622630474799315, 0.6777651500372933, 0.6840103260715603, 0.686065439365415, 0.7096113535619277, 0.7713048611463871, 0.8440361026143649, 0.8462616658711041, 0.8453872890642207, 0.8303658285290193, 0.7552470500833033, 0.6090467336600275], "weekday": [0.41565340393400285, 0.26407560097868826, 0.1648014123675136, 0.10252732716930764, 0.06835384950012033, 0.07951565896001783, 0.19172467001886415, 0.4825362711867569, 0.6154801290320266, 0.5999208113169979, 0.5944441731710783, 0.5927345942064397, 0.622630474799315, 0.6777651500372933, 0.6840103260715603, 0.686065439365415, 0.7096113535619277, 0.7713048611463871, 0.8440361026143649, 0.8462616658711041, 0.8453872890642207, 0.8303658285290193, 0.7552470500833033, 0.6090467336600275]}, {"weekend": [0.2141013760243814, 0.12495504911285289, 0.07908434845554715, 0.05141530771303091, 0.04394379137715914, 0.07083906841055367, 0.16962850770715235, 0.4407788379656683, 0.6592848467593698, 0.7225083041236762, 0.7421388488551035, 0.7565422870726439, 0.7818747952368247, 0.8054506120435577, 0.7871476423008469, 0.7750989909837703, 0.7960494175570179, 0.8107972556315906, 0.7901238516221746, 0.6716597244808288, 0.5557529865069053, 0.4835995264299161, 0.4076328647266171, 0.3212045399449582], "weekday": [0.2141013760243814, 0.12495504911285289, 0.07908434845554715, 0.05141530771303091, 0.04394379137715914, 0.07083906841055367, 0.16962850770715235, 0.4407788379656683, 0.6592848467593698, 0.7225083041236762, 0.7421388488551035, 0.7565422870726439, 0.7818747952368247, 0.8054506120435577, 0.7871476423008469, 0.7750989909837703, 0.7960494175570179, 0.8107972556315906, 0.7901238516221746, 0.6716597244808288, 0.5557529865069053, 0.4835995264299161, 0.4076328647266171, 0.3212045399449582]}, {"weekend": [0.5046546823911744, 0.3310582938776267, 0.2106777509423906, 0.1270066735320333, 0.07888713051109059, 0.0761872670193554, 0.17682351018885437, 0.43449799743347356, 0.5669914030555809, 0.5433523873207027, 0.5457140216707839, 0.5460029279763476, 0.5668827908524898, 0.6184205384665785, 0.6318172695350779, 0.6373423189914915, 0.6722231435374985, 0.7456190271708847, 0.8363253118144983, 0.8653787992204303, 0.8983013148151614, 0.9273301409110772, 0.8635460685555232, 0.7623863621824574], "weekday": [0.5046546823911744, 0.3310582938776267, 0.2106777509423906, 0.1270066735320333, 0.07888713051109059, 0.0761872670193554, 0.17682351018885437, 0.43449799743347356, 0.5669914030555809, 0.5433523873207027, 0.5457140216707839, 0.5460029279763476, 0.5668827908524898, 0.6184205384665785, 0.6318172695350779, 0.6373423189914915, 0.6722231435374985, 0.7456190271708847, 0.8363253118144983, 0.8653787992204303, 0.8983013148151614, 0.9273301409110772, 0.8635460685555232, 0.7623863621824574]}, {"weekend": [0.3107470257252945, 0.19141421517185642, 0.11577152229715043, 0.0725808712510782, 0.055238022983895164, 0.07183507977498405, 0.17770721802245742, 0.4582480692874235, 0.6498289580581632, 0.671591891461138, 0.6891580391355734, 0.6953606692409381, 0.7173739338421122, 0.7534929738921384, 0.7487228313389066, 0.7451127817099974, 0.7713989777767191, 0.8205346397101689, 0.8505962910837769, 0.7880595351488269, 0.7127469044225191, 0.6553969273530248, 0.5821423657617243, 0.46129975245054133], "weekday": [0.3107470257252945, 0.19141421517185642, 0.11577152229715043, 0.0725808712510782, 0.055238022983895164, 0.07183507977498405, 0.17770721802245742, 0.4582480692874235, 0.6498289580581632, 0.671591891461138, 0.6891580391355734, 0.6953606692409381, 0.7173739338421122, 0.7534929738921384, 0.7487228313389066, 0.7451127817099974, 0.7713989777767191, 0.8205346397101689, 0.8505962910837769, 0.7880595351488269, 0.7127469044225191, 0.6553969273530248, 0.5821423657617243, 0.46129975245054133]}]}