{"centroids": [{"weekend": [-0.364774228216462, -0.1754359016003515, -0.022131205721305846, 0.07896764803743986, 0.14963376227502392, 0.18944874435739356, 0.15087375078252324, 0.06172627143675183, 0.20964110023017776, 0.366760395495598, 0.3954892225145246, 0.4189139428455674, 0.4020895649553438, 0.3402899636361337, 0.29763347306817073, 0.2643203408479437, 0.22403826292289444, 0.07297193148390012, -0.17443036028884681, -0.4441026634674056, -0.6839250564019627, -0.8079935937977573, -0.7914549569963508, -0.6561144884238457], "weekday": [-0.364774228216462, -0.1754359016003515, -0.022131205721305846, 0.07896764803743986, 0.14963376227502392, 0.18944874435739356, 0.15087375078252324, 0.06172627143675183, 0.20964110023017776, 0.366760395495598, 0.3954892225145246, 0.4189139428455674, 0.4020895649553438, 0.3402899636361337, 0.29763347306817073, 0.2643203408479437, 0.22403826292289444, 0.07297193148390012, -0.17443036028884681, -0.4441026634674056, -0.6839250564019627, -0.8079935937977573, -0.7914549569963508, -0.6561144884238457]}, {"weekend": [-0.8572363836195547, 2.7177095590527673, 0.006485367456978253, -0.7220151750460195, 5.199209574741996, -1.4824915576244202, 4.945831712787479, 3.878546678902017, 1.9734936653329194, -1.3234456067580038, -0.7133034480211824, -0.19985631735589093, -0.33538848520604736, 1.321624589728546, -1.3412147958045586, -1.6953795092753583, 5.351706855124846, 2.092380123293234, 1.7838924978832362, -1.1252730249332068, 3.236359079913449, 2.0424139569340904, 2.8978162813505404, 1.3684190583699412], "weekday": [3.0788552493550907, 0.0027777197968266165, -2.3880086709051844, 4.466287012027699, -0.2888617541260978, -0.4918813768106731, -0.7519789986240937, 4.380113234842145, 2.0464611753349957, -1.1060777408319071, 2.6158063807113643, -0.16011718124725816, 2.508341072651452, 0.11720565200489785, 3.228053802687375, -0.4484753224933513, -2.1634883982046014, -1.4376148418965524, 1.5832965655391402, 2.449063480998808, 5.02058105780146, -0.70007344297766, 2.5461409130054773, 5.087522769615907]}, {"weekend": [0.6925806686310882, 0.4515341088714904, 0.25879802324126666, 0.09791019758374916, -0.00807710087740435, -0.058425298536758576, -0.029151956501443272, -0.06929737962378289, -0.38225361359888355, -0.6256562422696161, -0.6856744224494253, -0.7288643183444049, -0.7382546555419126, -0.6268979947774087, -0.5338123166864308, -0.4621365232816138, -0.3967307810133901, -0.223217428599391, 0.09285956811592391, 0.49636155667302817, 0.9100051658760868, 1.2040219054818677, 1.1703697070388444, 1.1397217326733453], "weekday": [0.6925806686310882, 0.4515341088714904, 0.25879802324126666, 0.09791019758374916, -0.00807710087740435, -0.058425298536758576, -0.029151956501443272, -0.06929737962378289, -0.38225361359888355, -0.6256562422696161, -0.6856744224494253, -0.7288643183444049, -0.7382546555419126, -0.6268979947774087, -0.5338123166864308, -0.4621365232816138, -0.3967307810133901, -0.223217428599391, 0.09285956811592391, 0.49636155667302817, 0.9100051658760868, 1.2040219054818677, 1.1703697070388444, 1.1397217326733453]}, {"weekend": [-0.087232426551592, -0.08629229272122552, -0.09686207894957181, -0.08917473418960148, -0.08076495530746139, -0.08541286738734553, -0.0762644182242516, -0.016163661880676347, 0.05493702289324878, 0.06947108652803259, 0.07839868548200925, 0.08745946212758392, 0.09693430830500764, 0.06311400512585127, 0.04519136552858547, 0.04876006309181382, 0.04246535572890227, 0.06573021905514458, 0.06565029068117435, 0.048909649703510936, -0.016158517097811933, -0.07402591371661844, -0.06745097727155516, -0.0977492300096517], "weekday": [-0.087232426551592, -0.08629229272122552, -0.09686207894957181, -0.08917473418960148, -0.08076495530746139, -0.08541286738734553, -0.0762644182242516, -0.016163661880676347, 0.05493702289324878, 0.06947108652803259, 0.07839868548200925, 0.08745946212758392, 0.09693430830500764, 0.06311400512585127, 0.04519136552858547, 0.04876006309181382, 0.04246535572890227, 0.06573021905514458, 0.06565029068117435, 0.048909649703510936, -0.016158517097811933, -0.07402591371661844, -0.06745097727155516, -0.0977492300096517]}, {"weekend": [0.29206053531417614, 0.13274032252628384, 0.01715060246266092, -0.05949113350154118, -0.12059275705273437, -0.14797308358708797, -0.1167130836313256, -0.035623991735703096, -0.18283015068289513, -0.3089770003161291, -0.33163380385464736, -0.35560420084097927, -0.33686581266165505, -0.25928281477011594, -0.2217591105975033, -0.21476577959815255, -0.18073901081793717, -0.07450111957732802, 0.13156868341948308, 0.34527965177809083, 0.5703923082273514, 0.6741418350789182, 0.6587323658080981, 0.5068856399410543], "weekday": [0.29206053531417614, 0.13274032252628384, 0.01715060246266092, -0.05949113350154118, -0.12059275705273437, -0.14797308358708797, -0.1167130836313256, -0.035623991735703096, -0.18283015068289513, -0.3089770003161291, -0.33163380385464736, -0.35560420084097927, -0.33686581266165505, -0.25928281477011594, -0.2217591105975033, -0.21476577959815255, -0.18073901081793717, -0.07450111957732802, 0.13156868341948308, 0.34527965177809083, 0.5703923082273514, 0.6741418350789182, 0.6587323658080981, 0.5068856399410543]}]}