{"centroids": [{"weekend": [0.018281860244177207, 0.015503892174050366, 0.01323835415560687, 0.011617493710760714, 0.010526475655576375, 0.00999877107063816, 0.010205022139377866, 0.011600381069070586, 0.014180831757972965, 0.017500599664760877, 0.020225808846539413, 0.021830999079759685, 0.022378240203126672, 0.022144567339517293, 0.022776132046395652, 0.023306131241651727, 0.023722650398910652, 0.02409011470633456, 0.024142540565254927, 0.023728551692021833, 0.02317207762632626, 0.02295157245424783, 0.022155948408747482, 0.02033131909417245], "weekday": [0.028360060584984834, 0.023762073935021697, 0.020529858213333488, 0.01852867704871326, 0.017272945446982678, 0.017214841289094934, 0.019730676949176, 0.028140993805390615, 0.03773601987132606, 0.04187355312104112, 0.0438470759848229, 0.04503554955670605, 0.04606167020015948, 0.04768167279542323, 0.04710746877212729, 0.04616209321998332, 0.04627170695838244, 0.04642249132798431, 0.0458455054293943, 0.04300639672564227, 0.04060329889272641, 0.03906250537202527, 0.03707938781489207, 0.03377244520060648]}, {"weekend": [0.004119244016712232, 0.0034960917854533163, 0.003035315070869898, 0.0027247964838926775, 0.0025403599319494467, 0.0024946119627038206, 0.0026234630314288603, 0.0030244620536529756, 0.0037064794495631796, 0.004626874958562131, 0.00538367307557597, 0.005836720654384354, 0.005925257475825107, 0.005766906279413757, 0.005960602183548564, 0.006179131089968992, 0.006399787449396138, 0.006520196539302552, 0.006473643140793959, 0.006152519044340558, 0.005735282214729049, 0.00547477479678209, 0.005143107154950232, 0.004657079119380859], "weekday": [0.00635298882937998, 0.005384446952542048, 0.004733448294027831, 0.00435925463367304, 0.004175789013009391, 0.0043454083947322385, 0.005311136804205245, 0.007888096760893241, 0.009916238759477003, 0.010417745720352846, 0.010727783909002841, 0.010928308645819586, 0.011157894396015977, 0.011419412636922267, 0.011340393230505338, 0.011262755012181137, 0.011428606117169548, 0.011607974686924764, 0.011518376352830763, 0.010661950507629425, 0.00976534134415998, 0.009106300928095109, 0.0083945026368077, 0.007506817477091317]}, {"weekend": [0.02254618084606841, 0.18528630943594093, 0.8314448822177544, 0.6535253806134755, 0.5196689569189565, 0.9648456560647227, 0.12756847096577195, 0.3995899796176089, 0.7309563903183005, 0.20180579991949743, 0.049418070639561607, 0.7239855731940827, 0.5810618076243136, 0.7691177199940759, 0.5146318849833662, 0.9242643222160373, 0.3137825648490241, 0.4177298856282482, 0.41174008175336896, 0.45740764990617033, 0.06643554949986952, 0.10502453241829846, 0.66470744174812, 0.8250232601967167], "weekday": [0.9387789976483712, 0.5543910583769067, 0.6661130253609036, 0.6086335562751237, 0.3235118373146335, 0.7290561135183234, 0.9810918098735734, 0.7553919940176552, 0.8132616064826533, 0.07642166712130816, 0.8810169235633836, 0.7079123218841126, 0.984835160576217, 0.20335716995052455, 0.9594898513826, 0.22785700533538333, 0.7823864430767238, 0.3873989882579001, 0.008625326640688824, 0.5882103501271385, 0.2602205402068024, 0.4599208404037325, 0.10872894411137013, 0.7068543376396027]}, {"weekend": [0.07558351648297632, 0.06350341422466224, 0.052535485219353875, 0.04503975646411085, 0.03994217931063442, 0.0371796495087458, 0.03715768660879938, 0.041623294114269786, 0.05094679233102922, 0.06403535801086678, 0.07642149064242586, 0.08465675962521547, 0.08859288713056779, 0.08898401763067017, 0.09131788777623959, 0.09380811194518456, 0.09541937552566153, 0.09660792580307268, 0.0955140141777743, 0.09264814199287805, 0.09013581335025711, 0.09010462600502404, 0.0883677638708978, 0.08153157794670285], "weekday": [0.11463969112764075, 0.09502544962755476, 0.08090085587266202, 0.07229392930510316, 0.06657590914717519, 0.06496945842214337, 0.07156124746572347, 0.1002469901261315, 0.14577891317447594, 0.17420248794589316, 0.18734699688333417, 0.19541553388891164, 0.2014921005429388, 0.21129113913302708, 0.20659567081992317, 0.1991804793696529, 0.19681187111772086, 0.19316972788916567, 0.18590281564907185, 0.17231704448148435, 0.16184399316250875, 0.15610333563917508, 0.15039548838454017, 0.1384826597154277]}, {"weekend": [0.7724954751999981, 0.47654893722605385, 0.4169646460410703, 0.8029574051590256, 0.20100920783210607, 0.7794445394633671, 0.6658597928514249, 0.8047408983504413, 0.5072752206451492, 0.21390399279380923, 0.913789501843769, 0.1008486517678363, 0.09378211747553711, 0.23552707694407982, 0.42142796195137, 0.6824861304566884, 0.8641642432827163, 0.13803653120182868, 0.3773857011955237, 0.33165288577880647, 0.38087402545881066, 0.9844832935609946, 0.4832945429593458, 0.3978662018602728], "weekday": [0.8609524075737787, 0.13152778345902827, 0.3886309934951707, 0.06803063378172458, 0.10249563900768188, 0.7077732265925376, 0.8593788320193245, 0.35956606661281476, 0.41569720748063843, 0.9843003648877791, 0.4938126428628321, 0.398993104528256, 0.8463647950677147, 0.4057509286582949, 0.08428516451849144, 0.08893989822852333, 0.623934008296192, 0.5225679286092657, 0.35172988407073325, 0.46412258439162535, 0.3920995054008318, 0.9925313625895859, 0.8755981284428528, 0.7801814042638545]}]}